Num,District,State,Population,Growth Rate,Sex-Ratio,Literacy,Population2021_estimated,Population_2021
1,thane,maharashtra,11060148,1.2221057330638398,886,84.53,239590362.5,120746131.80097409
2,north twenty four parganas,west bengal,10009781,1.19636814154256,955,84.06,31200070.64,45510256.126247495
3,bangalore,karnataka,9621551,1.2340994292379197,916,87.67,458915865.4,152887984.6323187
4,pune,maharashtra,9429408,1.21604982917648,915,86.15,133739927.3,84543806.2538577
5,mumbai suburban,maharashtra,9356962,1.1923416097025599,860,89.91,20750014.42,36719697.32112373
6,south twenty four parganas,west bengal,8161961,1.2029501789236798,956,77.51,43337800.95,46903920.90797093
7,barddhaman,west bengal,7717563,1.19623929252368,945,76.21,23798917.21,34925274.097697474
8,ahmadabad,gujarat,7214225,1.2092423060123199,904,85.31,62152287.89,51506526.11612362
9,murshidabad,west bengal,7103807,1.2060855050497599,958,66.59,48147522.6,45522454.334544465
10,jaipur,rajasthan,6626178,1.21156158835216,910,75.51,67844165.01,51166286.48170103
11,nashik,maharashtra,6107187,1.2073847326568,934,82.31,45719954.39,40924002.73177575
12,surat,gujarat,6081322,1.22879514462736,787,85.53,206165236.1,82040408.31063126
13,allahabad,uttar pradesh,5954391,1.2055915838107198,901,72.32,38849964.63,37511495.51236781
14,paschim medinipur,west bengal,5913457,1.1983223516622399,966,78.0,21654753.17,28845521.681533657
15,patna,bihar,5838465,1.2089201834651198,897,70.68,49096305.24,41230004.29878818
16,hugli,west bengal,5519145,1.19359788763664,961,81.8,13627815.4,22684128.45272611
17,rangareddy,andhra pradesh,5296741,1.2351516962254399,961,75.87,269971817.8,86908359.02545866
18,nadia,west bengal,5167600,1.1965614150708799,947,74.97,16367846.11,23659671.252468012
19,east godavari,andhra pradesh,5154296,1.18898079779344,1006,70.99,8524621.987,17846030.727932174
20,purbi champaran,bihar,5099371,1.2150405118619199,902,55.79,67276923.21,44222011.93311001
21,purba medinipur,west bengal,5095875,1.1999329643982397,938,87.02,21270183.67,26327653.694861338
22,guntur,andhra pradesh,4887813,1.1936086250548799,1003,67.4,12079967.42,20097220.00112236
23,haora,west bengal,4850029,1.1979358046056,939,83.31,17206912.52,23332529.337510146
24,muzaffarpur,bihar,4801062,1.2136553849089597,900,63.43,57303943.63,39763725.158175975
25,belgaum,karnataka,4779661,1.19783916784144,973,73.48,16823277.15,22914368.213795874
26,moradabad,uttar pradesh,4772006,1.21052005878288,906,56.77,45231186.01,35577598.54611698
27,ghaziabad,uttar pradesh,4681645,1.2288273568820798,881,78.07,159049311.7,63221490.20665412
28,nagpur,maharashtra,4653570,1.1989021722472,951,88.39,17866788.47,23175579.342590038
29,chennai,tamil nadu,4646732,1.1909350079131198,989,90.18,9123753.87,17308720.740696654
30,azamgarh,uttar pradesh,4613913,1.2018120125902398,1019,70.93,22387686.2,25475832.705637474
31,lucknow,uttar pradesh,4589838,1.2111643038772797,917,77.29,45634591.34,34971285.30487619
32,kanpur nagar,uttar pradesh,4581268,1.19409180887568,862,79.65,11796492.49,19173316.793084294
33,ahmadnagar,maharashtra,4543159,1.19679763827216,939,79.05,14674601.14,20978928.198928587
34,krishna,andhra pradesh,4517398,1.1918906381364798,992,73.74,9635963.418,17434519.688150834
35,kolkata,west bengal,4496694,1.1816471411355198,908,86.31,3799738.65,11750949.524040487
36,jaunpur,uttar pradesh,4494204,1.1994283057409598,1024,71.55,18008397.83,22805940.839022785
37,madhubani,bihar,4487379,1.21083144391184,926,58.62,43528735.08,33809120.68012505
38,sitapur,uttar pradesh,4483992,1.2090812447387198,888,61.12,38166013.18,31838995.522755735
39,bareilly,uttar pradesh,4448359,1.20806119000592,887,58.49,35057314.56,30506464.049605653
40,gorakhpur,uttar pradesh,4440895,1.2025636318670399,950,70.83,22871363.95,25176858.5514253
41,agra,uttar pradesh,4418797,1.2071162972007998,868,71.58,32410213.21,29338771.781240955
42,gaya,bihar,4391418,1.21181928638992,937,63.67,45825388.66,34204744.75435817
43,solapur,maharashtra,4317756,1.19649699056144,938,77.02,13603106.64,19722707.744716633
44,visakhapatnam,andhra pradesh,4290589,1.1962822421966397,1006,66.91,13278402.01,19446960.115625214
45,samastipur,bihar,4261566,1.21085291874832,911,61.86,41404210.43,32131053.303602036
46,jalgaon,maharashtra,4229917,1.19939609348624,925,78.2,16905186.45,21440190.389503833
47,chittoor,andhra pradesh,4174064,1.19571315902992,997,71.53,12319140.51,18532582.25788178
48,vadodara,gujarat,4165626,1.1988806974107198,934,78.92,15965451.23,20729626.705844287
49,muzaffarnagar,uttar pradesh,4143512,1.2016294764801596,889,69.12,19815247.26,22731870.02151281
50,malappuram,kerala,4112920,1.1978821175143999,1098,93.57,14527646.52,19748348.658195447
51,hardoi,uttar pradesh,4092845,1.2053875728641599,868,64.57,26286500.11,25602809.83717547
52,anantapur,andhra pradesh,4081148,1.1964325660519999,977,63.57,12789055.45,18598549.859603506
53,raipur,chhattisgarh,4063872,1.2206991312743998,984,75.56,79912731.9,42402385.23733826
54,kurnool,andhra pradesh,4053463,1.199385356068,988,59.97,16185875.98,20537938.42536749
55,mahbubnagar,andhra pradesh,4053028,1.19991148956176,977,55.04,16888033.23,20923847.89401544
56,kheri,uttar pradesh,4021243,1.2106918574747199,894,60.56,38604948.1,30154744.921612453
57,kancheepuram,tamil nadu,3998252,1.2252625340263998,986,84.49,107264416.4,48270475.97796739
58,maldah,west bengal,3988845,1.20622509148688,944,61.73,27326874.19,25684549.276800133
59,saran,bihar,3951862,1.2066760630529598,954,65.96,28026307.66,25844629.526455693
60,hyderabad,telangana,3943323,1.18662930319888,954,83.25,5284081.158,12490821.729765007
61,darbhanga,bihar,3937385,1.2043460432948798,911,56.56,23323650.2,23756229.354061518
62,west godavari,andhra pradesh,3936966,1.18720912378384,1004,74.63,5558847.374,12748666.879819902
63,vellore,tamil nadu,3936331,1.1976136820583998,1007,79.17,13600531.45,18719055.791680653
64,pashchim champaran,bihar,3935042,1.21489018800656,909,55.7,51356891.2,33955469.96588937
65,kolhapur,maharashtra,3876001,1.19418844563984,957,81.51,10062491.52,16279128.634109335
66,jalpaiguri,west bengal,3872846,1.1983330890804798,953,73.25,14194609.01,18898799.765308257
67,rajkot,gujarat,3804558,1.2049366012980798,927,80.96,23596111.17,23430489.286927972
68,sultanpur,uttar pradesh,3797117,1.2028857544142397,983,69.27,20059526.36,21771521.42429462
69,karimnagar,telangana,3776269,1.1921912858472,1008,64.15,8266623.554,14737195.82080159
70,thiruvallur,tamil nadu,3728104,1.2213755886235198,987,84.03,76811958.25,39756572.06844503
71,aurangabad,maharashtra,3701282,1.2132473630158398,923,79.02,42884584.48,30240909.503573697
72,jodhpur,rajasthan,3687165,1.2132258881793598,916,65.94,42654189.19,30103988.90002348
73,bijnor,uttar pradesh,3682713,1.202338146084,917,68.48,18631211.34,20713891.864751615
74,budaun,uttar pradesh,3681896,1.2048614393703996,871,51.29,22702518.6,22616030.42428011
75,varanasi,uttar pradesh,3676841,1.2018549622631998,913,75.6,17901844.45,20332487.588766657
76,alwar,rajasthan,3674179,1.2079001287323199,895,70.72,28604647.55,25058851.482035097
77,aligarh,uttar pradesh,3673889,1.2079001287323199,882,67.52,28602389.81,25056873.60699695
78,north west delhi,delhi,3656539,1.2133010501070398,865,84.45,42532269.63,29928899.85215997
79,ghazipur,uttar pradesh,3620268,1.2040346581659198,952,71.78,20930255.62,21607448.338078797
80,bankura,west bengal,3596674,1.1970231240552,957,70.26,11836220.2,16744007.633579867
81,kushinagar,uttar pradesh,3564544,1.2083511002984,961,65.25,28715147.95,24688552.45524809
82,ganjam,odisha,3529031,1.1959601196494398,983,71.09,10632409.83,15809674.15396304
83,warangal,telangana,3512576,1.1922557103566398,997,65.11,7732139.843,13740791.008471873
84,birbhum,west bengal,3502404,1.2007812204392,956,70.68,15651587.07,18647620.69335621
85,bulandshahar,uttar pradesh,3499171,1.2050439754804798,896,68.88,21883581.55,21630131.549497683
86,ludhiana,punjab,3498739,1.1999329643982397,873,82.2,14603737.56,18076108.37406833
87,vaishali,bihar,3495021,1.21411709389328,895,66.6,43136631.52,29394816.22035975
88,nalgonda,telangana,3488809,1.19139671689744,983,64.2,7130571.842,13220465.580042562
89,bahraich,uttar pradesh,3487731,1.23334780996112,892,49.36,158608440.3,54161313.57049351
90,salem,tamil nadu,3482056,1.2000188637441598,954,72.86,14635209.11,18044902.929340623
91,saharanpur,uttar pradesh,3466382,1.2045500542414398,890,70.49,20862502.7,21063281.999864552
92,viluppuram,tamil nadu,3458873,1.20152210229776,987,71.88,16400236.06,18904161.20957984
93,coimbatore,tamil nadu,3458045,1.2033689382350399,1000,83.98,18976344.1,20165395.563417908
94,meerut,uttar pradesh,3443689,1.1994283057409598,886,72.84,13798955.62,17475078.479302127
95,gonda,uttar pradesh,3433919,1.2093926298676798,921,58.71,29919674.05,24642259.658862688
96,sitamarhi,bihar,3423574,1.2130970391604798,899,52.05,39234409.66,27831931.780217115
97,rae bareli,uttar pradesh,3405559,1.2033689382350399,943,67.25,18688322.29,19859326.396723565
98,prakasam,andhra pradesh,3397448,1.1953051371367998,981,63.08,9690327.326,14862467.690789778
99,nanded,maharashtra,3361292,1.20154357713424,943,75.45,15964858.06,18384755.577156823
100,durg,chhattisgarh,3343872,1.20381990980112,988,79.06,19010314.01,19808983.14832602
101,siwan,bihar,3330464,1.2078142293864,988,69.45,25760267.64,22647984.27679782
102,nagaur,rajasthan,3307743,1.2040561330023998,950,62.8,19155536.19,19756925.330283917
103,thiruvananthapuram,kerala,3301427,1.1856629355572799,1087,93.02,4052125.116,10078715.75647517
104,ernakulam,kerala,3282388,1.1895498809601601,1027,95.89,5708590.563,11610230.209161751
105,indore,madhya pradesh,3276697,1.2187449211547199,928,80.87,56238338.05,32090050.00520951
106,purnia,bihar,3264619,1.21385939585552,921,51.08,39547082.2,27222732.13986863
107,barabanki,uttar pradesh,3260699,1.2070196604366399,910,61.75,23740227.0,21577827.02970042
108,ballia,uttar pradesh,3239774,1.20202676095504,937,70.94,15990611.19,18024188.51505945
109,pratapgarh,uttar pradesh,3209141,1.2022307719015999,998,70.09,16097834.76,17982271.002386402
110,thrissur,kerala,3121200,1.18874457459216,1108,95.08,5055128.467,10711099.152577449
111,banaskantha,gujarat,3120506,1.2098650762702399,938,65.32,28167868.34,22754956.430487357
112,unnao,uttar pradesh,3108367,1.1996645289422398,907,66.37,12695880.58,15906701.907329705
113,deoria,uttar pradesh,3100946,1.1988055354830398,1017,71.13,11812353.93,15390018.102778217
114,kozhikode,kerala,3086293,1.1911712311143998,1098,95.08,6185645.222,11597637.45442344
115,mumbai city,maharashtra,3085411,1.1753120643739199,832,89.21,1404243.926,6262596.716222681
116,tirunelveli,tamil nadu,3077233,1.1973667214388797,1023,82.5,10418175.49,14504226.337757202
117,katihar,bihar,3071029,1.2138808706919997,919,52.24,37259982.59,25626744.25628674
118,udaipur,rajasthan,3068420,1.2088772337921598,958,61.82,25719392.13,21636877.245993298
119,madurai,tamil nadu,3038252,1.20259584412176,990,83.45,15687405.79,17244299.189654365
120,bhagalpur,bihar,3037766,1.2106703826382397,880,63.14,29116834.07,22763278.177421488
121,medak,telangana,3033288,1.1980431787879997,992,61.42,10856678.09,14648878.532636616
122,uttar dinajpur,west bengal,3007134,1.2082974132072,939,59.07,24126645.48,20789720.22429308
123,shahjahanpur,uttar pradesh,3006538,1.2027676428135998,872,59.54,15735725.48,17167392.65272331
124,satara,maharashtra,3003741,1.1908813208219198,988,82.87,5870270.999,11166372.500733828
125,mysore,karnataka,3001127,1.19807539104272,985,72.79,10769968.69,14510317.082458861
126,begusarai,bihar,2970541,1.2118300238081599,895,63.87,31022759.26,23145881.75555312
127,sri potti sriramulu nellore,andhra pradesh,2963557,1.1953051371367998,985,68.9,8452767.306,12964369.18602253
128,rohtas,bihar,2959918,1.20575264508432,918,73.37,19553744.33,18750985.796555076
129,puruliya,west bengal,2930115,1.2001047630900799,957,64.48,12400993.16,15230996.198989134
130,ranchi,jharkhand,2914253,1.2091886189211198,949,76.06,25005962.32,20768605.834172014
131,amravati,maharashtra,2888445,1.1950259642625598,951,87.38,8047661.968,12508032.741117362
132,ysr,andhra pradesh,2882469,1.1950259642625598,985,67.3,8031011.892,12482154.455859749
133,bhavnagar,gujarat,2880365,1.2012966165147199,933,75.52,13413752.27,15617646.741686849
134,nalanda,bihar,2877653,1.2064076275969597,922,64.43,19992519.94,18646381.271578487
135,nagaon,assam,2823768,1.2070626101095998,962,72.37,20626584.44,18713993.838995088
136,sangli,maharashtra,2822143,1.19336166443536,966,81.48,6829610.414,11499063.197104234
137,koch bihar,west bengal,2819086,1.1981612903886398,942,74.78,10188140.37,13672205.73916231
138,araria,bihar,2811569,1.2159209801575999,921,53.53,39511731.86,25101623.22620562
139,palakkad,kerala,2809934,1.1913322923879999,1067,89.31,5711058.476,10622504.45609451
140,khammam,telangana,2797370,1.19253488323088,1011,64.81,6307341.048,11056377.94841755
141,yavatmal,maharashtra,2772348,1.1971627104923197,952,82.82,9229297.531,12971528.252338909
142,junagadh,gujarat,2743082,1.1963788789607999,953,75.8,8557706.726,12476483.301475616
143,adilabad,telangana,2741239,1.19437098174992,1001,61.01,7227275.038,11590252.597274175
144,south delhi,delhi,2731929,1.2054627347918399,862,86.57,17648194.15,17134095.625501264
145,bhojpur,bihar,2728407,1.20666532563472,907,70.47,19333755.52,17836814.5629607
146,tiruchirappalli,tamil nadu,2722290,1.1969372247092798,1013,83.23,8895309.2,12634187.116439259
147,srikakulam,andhra pradesh,2703114,1.1904410866740798,1015,61.74,5083653.476,9885289.546203656
148,maharajganj,uttar pradesh,2684703,1.2086732228455999,943,62.76,22159799.37,18800024.111144707
149,dhanbad,jharkhand,2684487,1.19631445445136,909,74.52,8330167.836,12181545.549355322
150,tumkur,karnataka,2678980,1.1873594476391998,984,75.14,3834092.053,8724688.038109435
151,sikar,rajasthan,2677333,1.20172611324432,947,71.91,12902517.04,14738307.271753063
152,bilaspur,chhattisgarh,2663629,1.2191851553025597,971,70.78,47146495.28,26462263.254391953
153,kollam,kerala,2635375,1.18552334912016,1113,94.09,3193660.26,8002471.250999658
154,raigarh,maharashtra,2634200,1.20417424460304,959,83.14,15396329.7,15798736.378338687
155,fatehpur,uttar pradesh,2632733,1.1985263626087999,901,67.43,9803016.04,12936476.891733456
156,cuttack,odisha,2624470,1.1964325660519999,940,85.5,8224277.179,11960197.510610646
157,cuddalore,tamil nadu,2605914,1.19849415035408,987,78.04,9677661.907,12789943.13058499
158,barmer,rajasthan,2603751,1.21835837409808,902,56.53,43492434.88,25180419.85198764
159,buldana,maharashtra,2586258,1.2004590978919998,934,83.4,11262433.21,13613648.63102649
160,bid,maharashtra,2585049,1.2044963671502398,916,76.99,15493291.19,15678632.06040596
161,ajmer,rajasthan,2583052,1.2031971395432,951,69.33,13984604.0,14972729.523731627
162,gulbarga,karnataka,2566326,1.20277838023184,971,64.85,13443115.42,14659288.347893724
163,gopalganj,bihar,2562012,1.20386285947408,1021,65.47,14614387.51,15200014.809273094
164,siddharth nagar,uttar pradesh,2559297,1.2107670194024,976,59.25,24707416.94,19240562.636760157
165,nizamabad,telangana,2551335,1.19285700577808,1040,61.25,5913692.961,10204413.800632713
166,bharatpur,rajasthan,2548462,1.20630025341456,880,70.11,17560146.01,16452348.843370983
167,mathura,uttar pradesh,2547184,1.2079001287323199,863,70.36,19830634.43,17372453.969557848
168,west delhi,delhi,2543243,1.2043353058766397,875,86.98,15052649.94,15338938.15338292
169,aurangabad,bihar,2540073,1.2115508509339197,926,70.32,25986717.71,19606957.2898495
170,kannur,kerala,2523003,1.18851908880912,1136,95.1,4005242.375,8585018.50854864
171,mayurbhanj,odisha,2519738,1.1977532684955197,1006,63.17,8806518.936,12042766.925885137
172,firozabad,uttar pradesh,2498156,1.2067297501441598,875,71.92,17789693.51,16367787.021024546
173,mirzapur,uttar pradesh,2496970,1.2027676428135998,903,68.48,13068730.36,14257749.08950777
174,amritsar,punjab,2490656,1.20005107599888,889,76.27,10495554.95,12921990.88312986
175,tiruppur,tamil nadu,2479052,1.2146969144782398,989,78.68,31906887.99,21255179.67463864
176,faizabad,uttar pradesh,2470996,1.2030790279425598,962,68.73,13254164.62,14264134.508852765
177,tiruvannamalai,tamil nadu,2464875,1.1971304982375999,994,74.21,8183901.724,11519514.95385471
178,basti,uttar pradesh,2464464,1.20299312859664,963,67.22,13129997.76,14183720.496556263
179,jabalpur,madhya pradesh,2463289,1.19902028384784,929,81.07,9548815.766,12319451.176671116
180,latur,maharashtra,2454196,1.2027354305588798,928,77.26,12812239.2,13997696.555839024
181,bellary,karnataka,2452595,1.2059781308673598,983,67.43,16486201.58,15658548.761398463
182,giridih,jharkhand,2445474,1.2139452952014398,944,63.14,29809281.59,20450471.27674751
183,sabarkantha,gujarat,2428589,1.2012858790964798,952,75.79,11300154.84,13163078.999314986
184,bhilwara,rajasthan,2408523,1.204485629732,973,61.37,14423232.17,14602530.26890628
185,thanjavur,tamil nadu,2405890,1.19263151999504,1035,82.64,5469833.586,9543043.960335167
186,ambedkar nagar,uttar pradesh,2397888,1.2030897653607997,978,72.23,12872898.37,13847311.165033627
187,panchmahal,gujarat,2390776,1.2028213299047998,949,70.99,12566050.53,13677085.05630487
188,sagar,madhya pradesh,2378458,1.2023703583387197,893,76.46,12063586.9,13393083.511999719
189,bhopal,madhya pradesh,2371061,1.2141707809844797,918,80.37,29378375.65,19977378.98646397
190,rewa,madhya pradesh,2365106,1.2047648026062399,931,71.62,14474159.15,14479016.990799967
191,bikaner,rajasthan,2363937,1.2276677157121598,905,65.13,74417535.02,30786037.647188425
192,surguja,chhattisgarh,2359886,1.2045500542414398,978,60.01,14203030.15,14339719.138148181
193,vizianagaram,andhra pradesh,2344474,1.18798221789712,1019,58.89,3547911.666,7817493.631219589
194,rampur,uttar pradesh,2335819,1.2064398398516798,909,53.34,16268273.76,15152248.383938061
195,baleshwar,orissa,2320529,1.1991383954484798,957,79.79,9082199.585,11654497.704386298
196,kheda,gujarat,2299885,1.19806465362448,940,82.65,8246202.02,11115561.159868872
197,gurdaspur,punjab,2298323,1.19338313927184,895,79.95,5572152.9,9372104.873971524
198,purbi singhbhum,jharkhand,2293919,1.2002765617819198,949,75.49,9843756.859,11996918.97902087
199,south west delhi,jharkhand,2292958,1.2163504768872,840,88.28,33226931.83,20763126.39203852
200,erode,tamil nadu,2251744,1.1959601196494398,993,72.58,6784146.994,10087567.640562335
201,khordha,odisha,2251673,1.20485070195216,929,86.88,13872213.53,13825740.283749124
202,north east delhi,delhi,2241624,1.2121950960283197,886,83.09,24047517.09,17681572.26407271
203,supaul,bihar,2229076,1.2142137306574399,929,57.67,27705139.84,18807903.158521328
204,satna,madhya pradesh,2228935,1.2040453955841597,926,72.26,12897204.96,13308300.192858256
205,nawada,bihar,2219146,1.2077390674587196,939,59.76,17066841.63,15051983.37871626
206,mau,uttar pradesh,2205968,1.20381990980112,979,73.09,12541193.08,13068078.84325311
207,chandrapur,maharashtra,2204307,1.1903444499099198,961,80.01,4110670.831,8032134.049695267
208,jalandhar,punjab,2193590,1.1960674938318399,915,82.48,6668365.389,9865360.215200327
209,dhar,madhya pradesh,2185793,1.2109280806759999,964,59.0,21355287.61,16522117.164891845
210,bijapur,karnataka,2177331,1.2054519973735998,960,67.15,14053837.42,13650699.595403329
211,jamnagar,gujarat,2160119,1.1978713800961598,939,73.65,7623244.609,10367899.565388324
212,dindigul,tamil nadu,2159775,1.1966580518350398,998,76.26,6895929.014,9923040.562988475
213,balrampur,uttar pradesh,2148665,1.2132044133428799,928,49.51,24817487.3,17530283.962025583
214,jhunjhunun,rajasthan,2137045,1.19597085706768,950,74.13,6444345.685,9577455.855088321
215,alappuzha,kerala,2127789,1.1843851827867198,1100,95.72,2322626.063,6184599.23037233
216,dohad,gujarat,2127086,1.2156310698651198,990,58.82,29278604.65,18809815.869365312
217,sundargarh,odisha,2093437,1.198848485156,973,73.34,8002424.495,10405700.496635066
218,anand,gujarat,2092745,1.1970768111463999,925,84.37,6917600.438,9761470.41482743
219,kachchh,gujarat,2092371,1.21797182704144,908,70.59,34012534.23,19981235.346571572
220,chhindwara,madhya pradesh,2090922,1.19747409562128,964,71.16,7141866.928,9893502.36283921
221,dakshina kannada,karnataka,2089649,1.1942958198222395,1020,88.57,5474456.003,8811017.840078682
222,bokaro,jharkhand,2062330,1.20063089658384,922,72.01,9105680.91,10922051.650974303
223,dhule,maharashtra,2050862,1.20500102580752,946,72.8,12783307.34,12658545.11605741
224,churu,rajasthan,2039547,1.18989347834384,940,66.75,3655965.282,7307572.992145362
225,pali,rajasthan,2037573,1.1962607673601597,987,62.39,6294571.961,9228060.214580378
226,mahesana,gujarat,2035064,1.19496153975312,926,83.61,5639376.249,8791918.44772884
227,banka,bihar,2034763,1.21187297348112,907,58.17,21317310.01,15877361.965349596
228,gwalior,madhya pradesh,2032036,1.2097469646696,864,76.65,18181299.13,14758549.840861024
229,pilibhit,uttar pradesh,2031007,1.2086195357543998,895,61.47,16696381.63,14196424.96092586
230,firozpur,punjab,2029074,1.20084564494864,893,68.92,9114501.019,10827919.766952068
231,madhepura,bihar,2001762,1.2168551355444799,911,52.25,30067813.39,18429470.242109712
232,jhansi,uttar pradesh,1998603,1.19905249610256,890,75.05,7767805.144,10006953.47480247
233,ujjain,madhya pradesh,1986864,1.2007490081844798,955,72.34,8856016.407,10566477.4700729
234,kottayam,kerala,1974551,1.18458919373328,1039,97.21,2196296.717,5784497.313646753
235,ganganagar,rajasthan,1969168,1.1942206578945598,887,69.64,5126117.855,8280218.213000806
236,morena,madhya pradesh,1965970,1.2086087983361598,840,71.03,16148642.38,13736798.127648246
237,jalna,maharashtra,1959046,1.20648278952464,937,71.52,13689178.97,12726962.282961527
238,chandauli,uttar pradesh,1952756,1.20365884852752,918,71.48,10962483.49,11503252.241345363
239,kota,rajasthan,1951014,1.2096288530689598,911,76.56,17302747.25,14113444.68060056
240,dhubri,assam,1949258,1.2096825401601599,953,58.34,17356787.63,14126443.355571853
241,davanagere,karnataka,1945497,1.19270668192272,972,75.74,4451725.332,7738295.925695026
242,virudhunagar,tamil nadu,1942288,1.1951548132814398,1007,80.15,5470420.109,8450378.839633815
243,palamu,jharkhand,1939869,1.2115401135156798,928,63.63,19830489.45,14968545.596186588
244,raichur,karnataka,1928812,1.2000940256718398,1000,59.56,8156160.02,10022313.154747354
245,sonitpur,assam,1924110,1.2001369753448,956,67.34,8164496.268,10013138.25438232
246,saharsa,bihar,1900661,1.2113790522420798,906,53.2,19199919.87,14586761.957699725
247,patiala,punjab,1895686,1.2045071045684799,891,75.28,11371149.87,11501854.110899517
248,haridwar,uttarakhand,1890422,1.2163290020507198,880,73.43,27351933.46,17106001.65341196
249,bagalkot,karnataka,1889752,1.1989021722472,989,68.82,7255461.772,9411290.13076374
250,farrukhabad,uttar pradesh,1885204,1.2049688135527998,874,69.04,11721413.76,11623064.343922513
251,krishnagiri,tamil nadu,1879809,1.2053553606094398,958,71.46,12043127.62,11746051.087368494
252,west nimar,madhya pradesh,1873046,1.2079752906599999,965,62.7,14665607.29,12807530.794011721
253,kanniyakumari,tamil nadu,1870374,1.1958956951399997,1019,91.75,5604932.706,8359521.751066624
254,mainpuri,uttar pradesh,1868529,1.20171537582608,881,75.99,8997063.389,10282075.725428103
255,sonbhadra,uttar pradesh,1862559,1.2127212295220797,918,64.03,20766843.01,14952698.082856592
256,dharwad,karnataka,1847023,1.1996860037787198,971,80.0,7557137.952,9459147.602908522
257,darjiling,west bengal,1846823,1.1992994567220798,970,79.56,7323338.202,9328811.741467984
258,jyotiba phule nagar,uttar pradesh,1840221,1.20787865389584,910,63.84,14303383.4,12541569.006742759
259,parbhani,maharashtra,1836086,1.20511913740816,947,73.34,11549850.72,11379372.4432014
260,jalor,rajasthan,1828730,1.21158306318864,952,54.86,18753712.63,14131359.884553052
261,jajapur,orissa,1827192,1.19685132536336,973,80.13,5928206.905,8453783.007447677
262,akola,maharashtra,1813906,1.19554136033808,946,88.05,5277104.056,8003541.541940866
263,faridabad,haryana,1809733,1.2183798489345599,873,81.7,30275001.15,17513872.6750122
264,mandya,karnataka,1805769,1.1859957955227198,995,70.4,2284617.217,5583352.935922629
265,kendujhar,odisha,1801733,1.1999222269799998,988,68.24,7513917.487,9305037.072089078
266,banda,uttar pradesh,1799410,1.2017475880808,863,66.67,8686489.72,9912971.097052978
267,banswara,rajasthan,1797485,1.2119266605723198,980,56.33,18906030.55,14051171.497813009
268,ramabai nagar,uttar pradesh,1796184,1.1994283057409598,865,75.78,7197358.209,9114776.730206128
269,hassan,karnataka,1776421,1.1868547889819199,1010,76.07,2429411.785,5675466.404397649
270,hanumangarh,rajasthan,1774692,1.20159726422544,906,67.13,8465246.263,9725154.628797749
271,etah,uttar pradesh,1774480,1.19806465362448,873,70.81,6362370.536,8576229.231880775
272,chhattarpur,madhya pradesh,1762375,1.20438899296784,883,63.74,10474680.56,10649191.112257259
273,jamui,bihar,1760405,1.2111965161319997,922,59.79,17544653.37,13427588.60677701
274,surendranagar,gujarat,1756268,1.20052352240144,930,72.13,7687760.527,9265844.489278033
275,shimoga,karnataka,1752753,1.1906450976206397,998,80.45,3355613.386,6458764.680885142
276,thoothukkudi,tamil nadu,1750176,1.1955950474292798,1023,86.16,5114623.865,7737418.6363652125
277,hisar,haryana,1743931,1.1978821175143999,872,72.89,6159909.05,8373553.9285557335
278,cachar,assam,1736617,1.20511913740816,959,79.34,10924143.59,10762900.884923192
279,hazaribagh,jharkhand,1734495,1.2056130586471998,947,69.75,11335647.04,10935093.68531856
280,namakkal,tamil nadu,1726601,1.20020139985424,986,74.63,7364546.353,9005864.545403881
281,shivpuri,madhya pradesh,1726050,1.20787865389584,877,62.55,13415972.82,11763464.923011063
282,west tripura,tripura,1725739,1.1969372247092798,962,88.69,5638995.847,8009179.565783503
283,sant kabir nagar,uttar pradesh,1715183,1.2057419076660796,972,66.72,11321425.85,10861599.538208367
284,east delhi,delhi,1709346,1.2014684152065598,884,89.31,8070242.119,9324607.675354626
285,buxar,bihar,1706352,1.2067082753076799,922,70.14,12131198.42,11171675.508921266
286,valsad,gujarat,1705678,1.2059029689396799,922,78.55,11399306.55,10861655.874384334
287,bidar,karnataka,1703300,1.1977962181684798,956,70.51,5974101.717,8153274.473080057
288,bhind,madhya pradesh,1703005,1.2040668704206399,837,75.26,9870582.956,10175738.287815759
289,balaghat,madhya pradesh,1701698,1.1980431787879997,1021,77.09,6090680.275,8218134.018672365
290,puri,odisha,1698730,1.1974526207847997,963,84.67,5792019.608,8031581.125190533
291,dehradun,uttarakhand,1696694,1.21815436315152,902,84.25,27937442.65,16299566.138301762
292,barpeta,assam,1693622,1.2064505772699199,953,63.81,11805283.93,10990436.723576063
293,kishanganj,bihar,1690400,1.2160820414311997,950,55.46,24030643.35,15172172.253830245
294,jalaun,uttar pradesh,1689974,1.2008241701121598,865,73.75,7578225.78,9011502.666235916
295,dakshin dinajpur,west bengal,1676276,1.1958097957940799,956,72.82,4987387.754,7468705.879671864
296,khagaria,bihar,1666886,1.2158565556481598,886,57.92,23317509.86,14850340.391212286
297,chitradurga,karnataka,1659456,1.19345830119952,974,73.71,4049106.714,6785638.643285807
298,osmanabad,maharashtra,1657576,1.1957883209576001,924,78.44,4922912.581,7379635.324337477
299,kannauj,uttar pradesh,1656616,1.20413129493008,879,72.7,9650149.558,9920786.845026966
300,sangrur,punjab,1655169,1.196701001508,885,67.99,5303628.69,7616445.4466103045
301,balangir,odisha,1648997,1.20847994931728,987,64.72,13413898.82,11471509.73585601
302,udham singh nagar,uttarakhand,1648902,1.2193569539943998,920,73.1,29537968.7,16472967.324121958
303,nandurbar,maharashtra,1648295,1.21099250518544,978,64.38,16181005.11,12486334.170787686
304,gautam buddha nagar,uttar pradesh,1648115,1.2232868490702398,851,80.12,38697135.7,18686093.25417871
305,bhiwani,haryana,1634445,1.1992242947943998,886,75.21,6441759.252,8233936.56646083
306,dausa,rajasthan,1634409,1.20930673052176,905,68.16,14149092.66,11694564.202144282
307,kaimur,bihar,1626384,1.2115401135156798,920,69.34,16625860.18,12549611.886631688
308,janjgir champa,chhattisgarh,1619707,1.2080719274241598,986,73.07,12775224.68,11111887.881686918
309,pudukkottai,tamil nadu,1618345,1.1951226010267197,1015,77.19,4545726.299,7032737.014954353
310,nagapattinam,tamil nadu,1616450,1.1926422574132798,1025,83.59,3678414.398,6414242.9617749965
311,ratnagiri,maharashtra,1615069,1.17826485438992,1122,82.18,985480.6151,3692232.575928741
312,kaushambi,uttar pradesh,1599596,1.2088879712104,908,61.28,13418603.05,11283629.780409923
313,haveri,karnataka,1597668,1.19527292488208,950,77.4,4544632.466,6980969.632710313
314,hoshiarpur,punjab,1586625,1.1910745943502399,961,84.59,3153366.766,5940822.131814049
315,etawah,uttar pradesh,1581810,1.2029287040871999,870,78.41,8384778.154,9083273.12438849
316,sant ravidas nagar,uttar pradesh,1578213,1.2012429294235198,955,68.97,7318231.209,8541036.344252747
317,kalahandi,odisha,1576869,1.20284280474128,1003,59.22,8302162.846,9027698.01156811
318,betul,madhya pradesh,1575362,1.1973130343476799,971,68.9,5309933.232,7410972.310298672
319,mahamaya nagar,uttar pradesh,1564708,1.20182275000848,871,71.59,7598781.21,8642839.991153799
320,dewas,madhya pradesh,1563715,1.2044104678043197,942,69.35,9309509.452,9455841.518122315
321,bharuch,gujarat,1551019,1.1975707323854399,925,81.51,5340064.538,7364424.427346731
322,rajgarh,madhya pradesh,1545814,1.2084155248078399,956,61.21,12513502.08,10730094.818318916
323,chittaurgarh,rajasthan,1544338,1.20070605851152,972,61.71,6859877.37,8200572.986003653
324,rajnandgaon,chhattisgarh,1537133,1.2046896406785599,1015,75.96,9352271.272,9385700.61402028
325,kolar,karnataka,1536401,1.1950044894260798,979,74.39,4272933.543,6647980.6957375035
326,jammu,jammu & kashmir,1529958,1.1971197608193598,880,83.45,5075277.741,7147443.767577567
327,kamrup,assam,1517542,1.2002872992001599,949,75.55,6517768.49,7939584.8155445615
328,gurgaon,haryana,1514432,1.26285423528464,854,84.7,384364941.0,55275425.28176779
329,amreli,gujarat,1514190,1.19270668192272,964,74.25,3464799.987,6022754.241064441
330,shajapur,madhya pradesh,1512681,1.2019086493543998,938,69.09,7396452.436,8380765.193879282
331,kangra,himachal pradesh,1510075,1.1971519730740798,1012,85.67,5022666.264,7062750.948138416
332,dharmapuri,tamil nadu,1506843,1.2009852313857599,946,68.54,6844765.905,8080885.966484831
333,bhadrak,odisha,1506337,1.1973345091841598,981,82.78,5086276.643,7091738.955438667
334,karnal,haryana,1505324,1.2029179666689598,887,74.73,7972594.048,8640815.674254999
335,pashchimi singhbhum,jharkhand,1502338,1.2067941746536,1005,58.63,10751210.16,9865066.980357775
336,raigarh,chhattisgarh,1493984,1.2028213299047998,991,73.26,7852462.309,8546742.246349545
337,deoghar,jharkhand,1492073,1.2135372733083198,925,64.85,17656618.22,12309233.157139674
338,bargarh,odisha,1481255,1.1941991830580798,977,74.62,3848985.149,6223686.275838038
339,vidisha,madhya pradesh,1458875,1.20501176322576,896,70.53,9100945.849,9007973.705368495
340,karauli,rajasthan,1458248,1.2055056844647998,861,66.22,9451560.891,9159428.636302311
341,ratlam,madhya pradesh,1455069,1.20461447875088,971,66.78,8801377.93,8861458.613596596
342,sonipat,haryana,1450001,1.1977747433319996,856,79.12,5076723.919,6935443.303454395
343,tikamgarh,madhya pradesh,1445166,1.20505471289872,901,61.43,9045498.506,8936621.591634022
344,kendrapara,odisha,1440361,1.1948541655707199,1007,85.15,3955491.7,6198367.245784136
345,uttara kannada,karnataka,1437169,1.19006527703568,979,84.06,2615327.102,5182480.895231074
346,kanshiram nagar,uttar pradesh,1436719,1.2016187390619197,880,61.02,6864854.423,7879053.700838396
347,tonk,rajasthan,1421326,1.2020160235368,952,61.58,7009286.659,7904432.344486607
348,bastar,chhattisgarh,1413199,1.20272469314064,1023,54.4,7371416.667,8057256.64999494
349,jhalawar,rajasthan,1411129,1.2044319426408,946,61.5,8415162.788,8539521.795449995
350,gandhinagar,gujarat,1391753,1.1880466424065599,923,84.16,2118306.704,4652022.354391881
351,koppal,karnataka,1389920,1.20084564494864,986,68.09,6243452.558,7417148.0401809
352,dungarpur,rajasthan,1388552,1.2106703826382397,994,59.46,13309200.97,10405013.236640006
353,bathinda,punjab,1388525,1.2020589732097597,868,68.28,6870914.468,7733689.202324775
354,barwani,madhya pradesh,1385881,1.21304335206928,982,49.08,15820182.75,11246334.162759611
355,koraput,odisha,1379647,1.20154357713424,1032,49.21,6552798.306,7546048.62587293
356,auraiya,uttar pradesh,1379545,1.20159726422544,864,78.95,6580402.772,7559784.144169687
357,seoni,madhya pradesh,1379131,1.2030038660148799,982,72.12,7353855.141,7940291.539107393
358,munger,bihar,1367765,1.2051406122446398,876,70.46,8618217.65,8483204.4264943
359,ramanathapuram,tamil nadu,1353445,1.19842972584464,983,80.72,4999942.59,6627466.987474138
360,patan,gujarat,1343734,1.1980539162062398,935,72.3,4813698.713,6491892.384580991
361,mandsaur,madhya pradesh,1340411,1.1976566317313597,963,71.78,4647683.976,6384116.488410916
362,sivaganga,tamil nadu,1339101,1.2005127849831998,1003,79.85,5856628.735,7062237.525671958
363,sawai madhopur,rajasthan,1335551,1.2044426800590398,897,65.39,7971123.548,8085174.998409613
364,jind,haryana,1334152,1.19646477830672,871,71.44,4192021.806,6087065.063388966
365,raisen,madhya pradesh,1331597,1.203143452452,901,72.98,7178859.12,7704156.700947888
366,navsari,gujarat,1329672,1.1921912858472,961,83.88,2910782.541,5189152.743471637
367,tinsukia,assam,1327929,1.20005107599888,952,69.66,5595855.786,6889544.935729283
368,dibrugarh,assam,1326335,1.19623929252368,961,76.05,4090065.33,6002233.272390465
369,garhwa,jharkhand,1322784,1.2132366255976,935,60.33,15314330.71,10803786.914553093
370,gondiya,maharashtra,1322507,1.19432803207696,999,84.95,3474151.082,5582929.852999362
371,dumka,jharkhand,1321442,1.20429235620368,977,61.02,7795047.654,7958050.7972113015
372,godda,jharkhand,1313551,1.2106596452199998,938,56.4,12580280.43,9839431.127641467
373,sehore,madhya pradesh,1311332,1.2065686888705598,918,70.06,9223695.97,8544307.10300701
374,east nimar,madhya pradesh,1310061,1.2065257391975999,943,66.39,9184474.176,8523417.07243986
375,kasaragod,kerala,1307375,1.1926529948315199,1080,90.09,2977820.732,5189855.552785939
376,baghpat,uttar pradesh,1303048,1.1962715047783998,861,72.01,4029038.275,5903729.412591942
377,wardha,maharashtra,1300774,1.1890022726299196,946,86.99,2155427.961,4507386.297435451
378,sirsa,haryana,1295189,1.2006094217473597,897,68.82,5708718.545,6854075.977734873
379,katni,madhya pradesh,1292042,1.20642910243344,952,71.98,8991273.791,8378262.204254572
380,anugul,orissa,1273821,1.1960460189953597,943,77.53,3865405.627,5724373.454850016
381,thiruvarur,tamil nadu,1264277,1.19214833617424,1017,82.86,2757407.235,4926115.515151554
382,damoh,madhya pradesh,1264219,1.2012966165147199,910,69.73,5887420.684,6854730.4755225815
383,chikkaballapura,karnataka,1255104,1.1933509270171199,972,69.76,3034583.207,5112011.572408425
384,kamrup metropolitan,assam,1253938,1.2031327150337598,936,88.71,6754476.781,7252124.175333644
385,theni,tamil nadu,1245899,1.1983545639169597,991,77.26,4574448.755,6084443.85628138
386,guna,madhya pradesh,1241519,1.2123991069748798,912,63.23,13519622.53,9860082.12347878
387,hoshangabad,madhya pradesh,1241350,1.19899880901136,914,75.29,4803632.808,6203507.27236677
388,srinagar,jammu & kashmir,1236829,1.2052909360999997,900,69.41,7884435.519,7711151.816409151
389,karimganj,assam,1228686,1.2069552359272,963,78.22,8901802.734,8112915.538885761
390,baran,rajasthan,1222755,1.20457152907792,929,66.66,7371489.522,7435550.08620479
391,lalitpur,uttar pradesh,1221592,1.2102194110721598,906,63.52,11322470.45,9015453.23058275
392,nabarangapur,orissa,1220946,1.2038735968923198,1019,46.43,6970449.616,7246392.691178677
393,yamunanagar,haryana,1214205,1.20123219200528,877,77.99,5625485.138,6568592.514766939
394,korba,chhattisgarh,1206640,1.2041098200935998,969,72.37,7017163.491,7220666.135598582
395,dhaulpur,rajasthan,1206516,1.2078249668046401,846,69.08,9339693.982,8207623.570534881
396,panipat,haryana,1205437,1.2098543388519998,864,75.94,10872387.96,8786936.336617252
397,bhandara,maharashtra,1200334,1.1895069312871998,982,83.76,2079682.904,4238905.500287962
398,pathanamthitta,kerala,1197412,1.1802512767643198,1132,96.55,885735.2319,2962037.450404945
399,washim,maharashtra,1197160,1.2020589732097597,930,83.25,5923972.535,6667840.5973642
400,dhenkanal,odisha,1192811,1.1961104435047998,947,78.76,3639063.811,5372852.080050512
401,singrauli,madhya pradesh,1178273,1.2135587481447998,920,60.41,13965026.17,9727418.822905432
402,udupi,karnataka,1177361,1.1897216796519998,1094,86.24,2078826.619,4191371.028913947
403,hingoli,maharashtra,1177345,1.20413129493008,942,78.17,6858291.44,7050631.400432131
404,yadgir,karnataka,1174271,1.2079323409870397,989,51.83,9164434.029,8017658.788586372
405,rajsamand,rajasthan,1156597,1.20188717451792,990,63.14,5645689.616,6403097.964656062
406,sivasagar,assam,1151050,1.1935764128001598,954,80.41,2836971.892,4727181.016275137
407,sahibganj,jharkhand,1150567,1.2092208311758397,952,52.04,9896439.833,8208570.263168769
408,chikmagalur,karnataka,1137961,1.18316111710736,1008,79.25,1108717.793,3154589.3463811465
409,jagatsinghapur,odisha,1136971,1.1914933536615997,968,86.59,2343333.116,4323907.669772376
410,ambala,haryana,1128350,1.19549841066512,885,81.75,3270869.412,4970882.940592044
411,sidhi,madhya pradesh,1127033,1.2089094460468797,957,64.43,9469689.645,7955960.400079577
412,jehanabad,bihar,1125313,1.20671901272592,922,66.8,8006917.366,7370269.844366279
413,tarn taran,punjab,1119627,1.2040883452571198,900,67.81,6500231.18,6694962.611673745
414,shrawasti,uttar pradesh,1117361,1.1780501060251198,881,46.74,667598.2065,2532590.8477387447
415,bundi,rajasthan,1110906,1.1999759140711999,925,61.52,4653025.157,5748221.270881837
416,idukki,kerala,1108974,1.1815182921166398,1006,91.99,925717.5017,2883427.4044829337
417,hamirpur,uttar pradesh,1104285,1.1896679925607998,861,68.77,1940608.146,3923325.1458307016
418,jorhat,assam,1092256,1.19343682636304,962,82.15,2660255.698,4462794.895938934
419,narsimhapur,madhya pradesh,1091854,1.19848341293584,920,75.69,4051296.476,5356809.440554531
420,mewat,haryana,1089263,1.2241673173659198,907,54.08,27146891.92,12701339.379832074
421,ramanagara,karnataka,1082636,1.1888626861927998,976,69.22,1771915.6,3731860.818522097
422,anantnag,jammu & kashmir,1078692,1.22486524955152,927,62.69,28177536.94,12860013.636346057
423,kaithal,haryana,1074304,1.1979894916968,881,69.15,3828234.901,5178230.918779384
424,gadchiroli,maharashtra,1072942,1.1948004784795199,982,74.36,2933202.875,4608207.542552309
425,golaghat,assam,1066888,1.1971304982375999,964,77.43,3542291.817,4986067.151514029
426,shahdol,madhya pradesh,1066063,1.20211266030096,974,66.67,5297779.722,5948887.010817702
427,saraikela kharsawan,jharkhand,1065056,1.2107884942388798,956,67.7,10298439.53,8012798.7643696945
428,gadag,karnataka,1064570,1.1936837869825598,982,75.12,2647900.059,4389278.488701147
429,karur,tamil nadu,1064493,1.19822571489808,1015,75.6,3867411.558,5174590.545077186
430,rohtak,haryana,1061204,1.19727008467472,867,80.22,3564255.97,4984505.162924878
431,chandigarh,chandigarh,1055450,1.20189791193616,818,86.05,5156359.716,5845341.266954962
432,mandla,madhya pradesh,1054905,1.2027354305588798,1008,66.87,5507178.396,6016732.194672864
433,chatra,jharkhand,1042886,1.2175530677300799,953,60.18,16458956.48,9823662.467041556
434,palwal,haryana,1042708,1.2110998793678398,880,69.32,10317821.08,7927465.137723077
435,lakhimpur,assam,1042137,1.2019301241908797,968,77.2,5104368.099,5778157.002849058
436,sambalpur,odisha,1041099,1.19554136033808,976,76.22,3028816.132,4593666.428013961
437,sirohi,rajasthan,1036346,1.20680491207184,940,55.25,7422516.467,6807653.806217796
438,mahasamund,chhattisgarh,1032754,1.2049688135527998,1017,71.02,6421234.489,6367356.632726935
439,gumla,jharkhand,1025213,1.2083081506254398,993,65.73,8232105.107,7090373.955521268
440,jhabua,madhya pradesh,1025048,1.2164041639784,990,43.3,14910770.25,9298394.647076182
441,chamarajanagar,karnataka,1020791,1.1895928306331198,993,61.43,1782047.002,3616486.7186898687
442,panna,madhya pradesh,1016520,1.20348704983568,905,64.79,5630219.822,5952288.403654461
443,goalpara,assam,1008183,1.20774980487696,964,67.37,7759983.334,6840798.744080768
444,baramula,jammu & kashmir,1008039,1.2043245684583999,885,64.63,5961271.142,6077466.540707697
445,lakhisarai,bihar,1000912,1.21003687496208,902,62.42,9151613.008,7341320.793764838
446,mandi,himachal pradesh,999777,1.1951655506996797,1007,81.53,2818394.292,4351464.420155387
447,moga,punjab,995746,1.1955520977563199,893,70.68,2899477.482,4395268.4351463085
448,mohali,punjab,994628,1.2190348314472,879,83.8,17420972.24,9833127.43703436
449,chitrakoot,uttar pradesh,991730,1.2150405118619199,879,65.05,13084073.12,8600334.41269976
450,bangalore rural,karnataka,990923,1.2011033429863998,946,77.93,4543963.535,5336343.091026769
451,rayagada,odisha,967911,1.2011140804046399,1051,49.76,4442252.938,5214396.051016929
452,kurukshetra,haryana,964655,1.20154357713424,888,76.31,4581744.207,5276229.018866023
453,nayagarh,odisha,962789,1.1956487345204798,915,80.42,2826267.838,4264736.504291157
454,jhajjar,haryana,958405,1.1929965922151997,862,80.65,2248163.375,3853025.8293271414
455,morigaon,assam,957423,1.2085014241537597,967,68.03,7800874.61,6665345.017036128
456,karbi anglong,assam,956313,1.20231667124752,951,69.25,4829860.843,5374849.891545516
457,nainital,uttarakhand,954605,1.2104234220187198,934,83.88,8983346.481,7093836.109652327
458,puducherry,puducherry,950289,1.2148257634971198,1029,85.44,12344944.6,8182561.290223453
459,baksa,assam,950075,1.19497227717136,974,69.25,2635136.291,4106136.485398624
460,ramgarh,jharkhand,949443,1.1975063078759998,921,73.17,3251583.763,4497636.598990696
461,fatehabad,haryana,942011,1.201532839716,902,67.92,4470366.618,5150426.402759722
462,darrang,assam,928500,1.2072666210561598,954,63.08,6888720.372,6196691.189844829
463,mahendragarh,haryana,922088,1.19791432976912,895,77.72,3265619.957,4432564.847221451
464,muktsar,punjab,901896,1.2006201591655998,896,65.81,3978655.652,4774604.268613135
465,pakur,jharkhand,900422,1.21385939585552,989,48.82,10907570.79,7508363.738263115
466,rewari,haryana,900332,1.2023810957569598,898,80.99,4570385.62,5071676.133392249
467,north delhi,delhi,887978,1.19806465362448,869,86.85,3183831.355,4291681.439558084
468,kokrajhar,assam,887142,1.1890344848846401,959,65.22,1474223.557,3077811.191907247
469,south tripura,tripura,876001,1.1986337367911997,957,84.66,3290514.131,4320978.49585325
470,mahoba,uttar pradesh,875958,1.20882354670096,878,65.27,7312624.063,6165513.14111345
471,kupwara,jammu & kashmir,870354,1.2197542384692799,835,64.51,16028991.0,8807869.668425335
472,pratapgarh,rajasthan,867848,1.2079001287323199,983,55.97,6756471.628,5918947.917611307
473,jashpur,chhattisgarh,851669,1.1991169206119998,1005,67.92,3327491.969,4274099.711619517
474,sindhudurg,maharashtra,849651,1.1810673205505597,1036,85.56,679493.0737,2170419.1958333864
475,ashoknagar,madhya pradesh,845071,1.20777127971344,904,66.42,6515125.741,5738254.378527902
476,udalguri,assam,831668,1.1937589489102398,973,65.41,2081861.189,3438475.601486293
477,neemuch,madhya pradesh,826067,1.19822571489808,954,70.8,3001185.6,4015581.58466075
478,east khasi hills,meghalaya,825922,1.21024088590864,1011,84.15,7667419.056,6099804.654504572
479,kabirdham,chhattisgarh,822526,1.2271523196366398,996,60.85,25026450.92,10540080.490582716
480,north goa,goa,818008,1.19185842588176,963,89.57,1740028.425,3153270.289365917
481,wayanad,kerala,817420,1.1884976139726398,1035,89.03,1295170.236,2779183.1232818463
482,kapurthala,punjab,815168,1.1920731742465598,912,79.07,1766415.545,3167395.860015286
483,shimla,himachal pradesh,814010,1.19704459889168,915,83.64,2683568.487,3792489.1066108784
484,tapi,gujarat,807022,1.1964755157249598,1007,68.26,2537995.757,3683465.6064786185
485,dhamtari,chhattisgarh,799781,1.19760294464016,1010,78.36,2760906.389,3801856.8925537365
486,jamtara,jharkhand,791042,1.20611771730448,954,64.59,5374748.712,5074772.192530952
487,datia,madhya pradesh,786754,1.2032615640526398,873,72.63,4281108.579,4570725.571480788
488,nalbari,assam,771639,1.19631445445136,949,78.63,2394454.649,3501509.087642813
489,mansa,punjab,769751,1.1960674938318399,883,61.83,2339991.031,3461846.05646938
490,burhanpur,madhya pradesh,757847,1.20423866911248,951,64.36,4451777.749,4555425.005288588
491,ariyalur,tamil nadu,754894,1.19261004515856,1015,71.34,1713105.644,2991941.8967202744
492,badgam,jammu & kashmir,753745,1.20936041761296,894,56.08,6551516.735,5403060.017141463
493,anuppur,madhya pradesh,749237,1.1966473144167997,976,67.88,2390103.891,3441018.5702994387
494,kanker,chhattisgarh,748941,1.1996108418510398,1006,70.29,3045729.313,3825301.6634125332
495,bongaigaon,assam,738804,1.20554863413776,966,69.74,4804433.535,4647413.505304237
496,the nilgiris,tamil nadu,735394,1.1796714561793598,1042,85.2,514449.97,1777914.441760274
497,kandhamal,odisha,733110,1.1975063078759998,1037,64.13,2510702.14,3472838.671817126
498,alirajpur,madhya pradesh,728999,1.2043245684583999,1011,36.1,4311103.738,4395134.5441092765
499,latehar,jharkhand,726978,1.21523378539024,967,59.51,9725375.409,6344831.73530312
500,kodarma,jharkhand,716259,1.23006215997968,950,66.84,26373469.96,10051314.374269538
501,dindori,madhya pradesh,704524,1.20633246566928,1002,63.9,4866534.523,4553313.384875304
502,arwal,bihar,700843,1.20372327303696,928,67.43,3954340.024,4137800.804727415
503,north tripura,tripura,693947,1.20216634739216,967,87.5,3463273.01,3879705.6411797693
504,sheopur,madhya pradesh,687861,1.2080719274241598,901,57.43,5425412.637,4719022.829551917
505,pauri garhwal,uttarakhand,687271,1.18192631400976,1103,82.02,596288.8451,1815730.5102299368
506,dhemaji,assam,686133,1.20488291420688,953,72.7,4237745.741,4217710.06380067
507,rupnagar,punjab,684627,1.1929643799604799,915,82.19,1601534.328,2749108.4704187578
508,jaisalmer,rajasthan,669919,1.2175960174030398,852,57.22,10604883.34,6319305.456151361
509,hailakandi,assam,659296,1.2064720521063999,951,74.33,4603155.353,4281540.13212677
510,korea,chhattisgarh,658917,1.19673321376272,968,70.64,2117000.644,3035609.5442570206
511,sheohar,bihar,656246,1.2126353301761599,893,53.78,7271036.797,5253252.0057189725
512,umaria,madhya pradesh,644758,1.21024088590864,950,65.89,5985589.166,4761827.205751945
513,west garo hills,meghalaya,643291,1.20930673052176,984,67.58,5568975.677,4602891.871105457
514,rajouri,jammu & kashmir,642415,1.2187986082459197,860,68.17,11067402.9,6302441.973947683
515,south goa,goa,640537,1.1928140561051197,986,87.59,1479238.16,2557864.975786627
516,sheikhpura,bihar,636342,1.2060855050497599,930,63.86,4312939.643,4077792.321237428
517,almora,uttarakhand,622506,1.1820659004468799,1139,80.47,547261.6413,1653620.9383078422
518,tehri garhwal,uttarakhand,618931,1.185963583268,1077,76.36,780765.6631,1911351.0713677276
519,faridkot,punjab,617508,1.1964218286337598,890,69.55,1933353.549,2813006.124719733
520,kathua,jammu & kashmir,616435,1.20548420962832,890,73.09,3988768.714,3869026.386690766
521,malkangiri,odisha,613192,1.2066545882164799,1020,48.54,4341566.634,4007229.500278821
522,shahid bhagat singh nagar,punjab,612310,1.18798221789712,954,79.78,926613.7276,2041707.2338324364
523,nuapada,odisha,610382,1.1995678921780797,1021,57.35,2473633.481,3112833.0295981397
524,subarnapur,odisha,610183,1.19698017438224,960,74.42,2000919.831,2836258.459343716
525,fatehgarh sahib,punjab,600163,1.1957453712846398,871,79.35,1776068.063,2667803.2643593214
526,simdega,jharkhand,599578,1.2012429294235198,997,67.99,2780265.041,3244820.2423971756
527,barnala,punjab,595527,1.19742040853008,876,67.82,2025137.361,2812385.034414843
528,narmada,gujarat,590297,1.1992779818855996,961,72.31,2336670.728,2979470.89080965
529,porbandar,gujarat,585449,1.1931683909070399,950,75.78,1393618.818,2368574.8133135196
530,central delhi,delhi,582320,1.1727995085057599,892,85.14,205082.0148,1066398.1553543897
531,solan,himachal pradesh,580320,1.20054499723792,880,83.68,2544637.347,3064024.2380328476
532,jharsuguda,odisha,579505,1.19813981555216,953,78.86,2090642.873,2808361.8762049014
533,gajapati,odisha,577817,1.1956487345204798,1043,53.49,1696182.241,2559477.98811578
534,harda,madhya pradesh,570465,1.2051835619176,935,72.5,3606449.494,3543428.3717632825
535,perambalur,tamil nadu,565223,1.1990095464296,1003,74.32,2189145.827,2825721.463605343
536,panchkula,haryana,561293,1.2047325903515198,873,81.88,3426456.473,3432357.2117854403
537,pulwama,jammu & kashmir,560440,1.2124313192296,912,63.48,6117392.326,4455791.199522574
538,udhampur,jammu & kashmir,554985,1.20575264508432,870,68.49,3666329.54,3515812.212467074
539,kodagu,karnataka,554519,1.1846106685697597,1019,82.61,618014.1188,1625821.5303264756
540,dantewada,chhattisgarh,533638,1.1964110912155197,1020,42.12,1669275.313,2429999.467797293
541,khunti,jharkhand,531885,1.2074062074932799,997,63.86,3988342.687,3566763.65050721
542,sirmaur,himachal pradesh,529855,1.2001262379265598,918,78.8,2246366.785,2756333.759417549
543,una,himachal pradesh,521173,1.20089933203984,976,86.53,2351175.755,2786466.176659442
544,chamba,himachal pradesh,519080,1.1970016492187199,986,72.17,1705199.266,2414661.9208398988
545,imphal west,manipur,517992,1.2012214545870399,1031,86.08,2397830.279,2801165.046968782
546,pithoragarh,uttarakhand,483439,1.18835802753552,1020,82.25,756533.3155,1635036.397563304
547,chirang,assam,482162,1.1956165222657598,969,63.55,1411578.873,2133271.1689687935
548,senapati,manipur,479148,1.2574640513281599,937,63.6,90739123.15,15063247.363995152
549,punch,jammu & kashmir,476835,1.21347284879888,893,66.74,5616293.882,3925333.6952955737
550,lohardaga,jharkhand,461790,1.2120877218459198,985,67.61,4915017.53,3629433.7224769876
551,imphal east,manipur,456113,1.2000940256718398,1017,81.95,1928716.026,2370011.862198742
552,hamirpur,himachal pradesh,454768,1.1943817191681598,1095,88.15,1200084.229,1923562.602700708
553,baudh,orissa,441162,1.2029394415054397,991,71.61,2340469.144,2534249.9474113155
554,kullu,himachal pradesh,437903,1.19928871930384,942,79.4,1734935.431,2211122.1617849795
555,kulgam,jammu & kashmir,424483,1.19174031428112,951,59.23,893772.3199,1629160.6955827742
556,thoubal,manipur,422168,1.20055573465616,1002,74.47,1852756.184,2229847.568795752
557,doda,jammu & kashmir,409936,1.2135050610535998,919,64.68,4839670.066,3378242.215757427
558,aizawl,mizoram,400309,1.2080504525876798,1009,97.89,3152251.573,2744277.599534072
559,jaintia hills,meghalaya,395124,1.2179074025319998,1013,61.64,6393837.374,3765328.1859660842
560,bandipora,jammu & kashmir,392232,1.2142029932391998,889,56.28,4871255.71,3308290.2653234764
561,chamoli,uttarakhand,391605,1.18960356805136,1019,82.65,684291.7261,1387947.462207497
562,west khasi hills,meghalaya,383461,1.21514788604432,980,77.87,5098293.762,3337229.979158593
563,bilaspur,himachal pradesh,381956,1.1963788789607999,981,84.59,1191603.981,1737267.6631243336
564,dimapur,nagaland,378811,1.3201168867585598,919,84.79,1393881545.0,58083713.03941186
565,dhalai,tripura,378230,1.2079752906599999,944,85.72,2961471.659,2586264.4976252867
566,dadra and nagar haveli,dadra & nagar haveli and daman & diu,343709,1.24344098310672,774,76.24,29113530.59,7226772.817401118
567,uttarkashi,uttarakhand,330086,1.1962070802689597,958,75.81,1015172.497,1492039.3305964593
568,samba,jammu & kashmir,318898,1.20170463840784,886,81.41,1534198.624,1754157.0859593616
569,east garo hills,meghalaya,317917,1.2122917327924798,972,73.95,3434813.414,2515814.407219938
570,reasi,jammu & kashmir,314667,1.2124742689025598,890,58.15,3445530.118,2505368.003581688
571,debagarh,odisha,312520,1.19848341293584,975,72.57,1159597.505,1533272.8426713662
572,ganderbal,jammu & kashmir,297446,1.2226318665576,874,58.04,6679356.852,3302512.320550653
573,ramban,jammu & kashmir,283713,1.21778929093136,902,54.27,4552914.814,2693220.573777376
574,east sikkim,sikkim,283583,1.2003302488731198,873,83.85,1222192.808,1485931.8105633068
575,churachandpur,manipur,274143,1.2052265115905598,975,82.78,1738891.201,1705367.1394805112
576,kohima,nagaland,267988,1.3249701998030399,928,85.23,1200706930.0,45908515.671515994
577,shupiyan,jammu & kashmir,266215,1.2113253651508797,951,60.76,2678575.03,2039398.2655963725
578,bageshwar,uttarakhand,259898,1.18792853080592,1090,80.01,391423.1147,864855.419714475
579,champawat,uttarakhand,259648,1.2002228746907198,980,79.83,1109405.305,1355343.47537415
580,ri bhoi,meghalaya,258840,1.22022668487184,953,75.67,4926038.702,2659811.1256442927
581,bijapur,chhattisgarh,255230,1.19286774319632,984,40.86,592137.0903,1021231.1801099849
582,mon,nagaland,250260,1.2697261829582398,899,56.99,91157772.96,11005142.468815545
583,rudraprayag,uttarakhand,242285,1.1904518240923199,1114,81.3,456085.0091,886391.390224145
584,south andaman,andaman & nicobar islands,238142,1.19871963613712,871,89.13,900819.4706,1178277.2645390176
585,bishnupur,manipur,237399,1.1983975135899196,999,75.85,874701.4753,1161140.94200612
586,kishtwar,jammu & kashmir,230696,1.20586001926672,920,56.2,1536684.029,1466881.590615708
587,the dangs,gujarat,228291,1.2073417829838398,1006,75.16,1703463.0,1527517.4332009114
588,dima hasao,assam,214102,1.19830087682576,932,77.54,782653.614,1043574.7673402022
589,karaikal,puducherry,200222,1.2019408616091198,1047,87.05,981520.659,1110555.8548428298
590,tuensang,nagaland,196596,1.28526322715152,929,73.08,154929094.5,12973914.649697721
591,mokokchung,nagaland,194622,1.24887411673616,925,91.62,22689864.43,4794067.936435986
592,daman,dadra & nagar haveli and daman & diu,191173,1.2561433488846399,534,88.07,33652407.94,5791629.948202056
593,ukhrul,manipur,183998,1.2164041639784,943,81.35,2676510.665,1669078.929252799
594,papumpare,arunachal pradesh,176573,1.2314687617691198,980,79.95,7120490.591,2588109.8218141305
595,wokha,nagaland,166343,1.2895367196110397,968,87.69,160467387.8,12231347.929296046
596,phek,nagaland,163418,1.30352757557776,951,78.05,297426437.1,16956438.303985275
597,lunglei,mizoram,161428,1.2023810957569598,947,88.86,819462.3871,909342.9255666179
598,changlang,arunachal pradesh,148226,1.20296091634192,926,59.8,787706.1667,852123.0210189873
599,south sikkim,sikkim,146850,1.1959493822312,915,81.42,442039.6485,657615.9546731828
600,lohit,arunachal pradesh,145726,1.2012536668417597,912,68.18,676316.6312,788944.8369274859
601,chandel,manipur,144182,1.2069015488359998,933,71.11,1040318.641,950267.9319962481
602,south garo hills,meghalaya,142334,1.2274100176743996,945,71.72,4405137.375,1838724.3634108235
603,new delhi,delhi,142004,1.16119235938832,822,88.34,13929.54699,158168.16380415316
604,kargil,ladakh,140802,1.2027891176500798,810,71.34,738184.5083,804587.5335667947
605,zunheboto,nagaland,140757,1.2672458393447998,976,85.26,45070230.81,5790083.812066877
606,tamenglong,manipur,140651,1.2115186386791998,943,70.05,1435540.247,1084517.0822492286
607,narayanpur,chhattisgarh,139820,1.20401318332944,994,48.62,807001.3165,833886.9711024591
608,west sikkim,sikkim,136435,1.19491859008016,942,77.39,376712.1865,588507.0033227943
609,leh,ladakh,133487,1.1983330890804798,690,77.2,489251.5152,651392.8217831805
610,champhai,mizoram,125745,1.20063089658384,984,95.91,555194.2929,665942.591559917
611,lawngtlai,mizoram,117894,1.2480151232769598,945,65.88,13076452.63,2832865.3348219194
612,west siang,arunachal pradesh,112274,1.1920731742465598,930,66.46,243290.3878,436248.97295693186
613,tirap,arunachal pradesh,111975,1.19590643255824,944,52.19,335855.2585,500660.29163209884
614,north and middle andaman,andaman & nicobar islands,105597,1.1834188151451197,925,83.91,105385.996,295671.03597652
615,east siang,arunachal pradesh,99214,1.1979572794420799,980,72.54,352611.7531,477666.91983344866
616,peren,nagaland,95219,1.2952705009511998,915,77.95,119733991.0,8077042.709184908
617,kurung kumey,arunachal pradesh,92076,1.30859563698704,1032,48.75,208895397.7,10785682.611976705
618,mamit,mizoram,86364,1.22377003289104,927,84.93,2095339.597,994389.8917893213
619,kinnaur,himachal pradesh,84121,1.19137524206096,819,80.0,171610.1024,318513.4460037887
620,kolasib,mizoram,83955,1.2127319669403198,956,93.5,936802.9126,674236.1784077887
621,west kameng,arunachal pradesh,83947,1.1968942750363198,819,67.07,273330.672,388996.02860889694
622,upper subansiri,arunachal pradesh,83448,1.2379648998043198,998,63.8,5068195.071,1490772.2845962872
623,lower subansiri,arunachal pradesh,83030,1.2360536393575998,984,74.35,4478140.57,1400157.2735745371
624,east kameng,arunachal pradesh,78690,1.22383445740048,1029,60.02,1917498.71,907893.3884245947
625,kiphire,nagaland,74004,1.22486524955152,956,69.54,1933128.682,882265.2333976278
626,serchhip,mizoram,64937,1.2055164218830399,977,97.91,421235.1599,408028.49935169617
627,lakshadweep,lakshadweep,64473,1.1902048634728,946,91.85,118771.0304,233707.73602235512
628,saiha,mizoram,56574,1.1755590249934398,979,90.01,26396.10485,115988.15644877437
629,yanam,puducherry,55626,1.26632242137616,1038,79.47,16969533.86,2231709.4957233584
630,lower dibang valley,arunachal pradesh,54080,1.1911712311143998,928,69.13,108388.832,203221.22155453794
631,diu,daman and diu,52074,1.2025206821940797,1031,83.46,267280.7549,294779.6905569481
632,longleng,nagaland,50484,1.16027967883792,905,72.17,4446.066029,53984.93517346976
633,tawang,arunachal pradesh,49977,1.2139345577832,714,59.0,608723.9935,417787.4086123487
634,north sikkim,sikkim,43709,1.1904518240923199,767,78.01,82279.21523,159907.88235056712
635,mahe,puducherry,41816,1.1979787542785598,1184,97.87,148878.2948,201478.81077279826
636,nicobars,andaman & nicobar islands,36842,1.1701044165275198,777,78.06,9781.210531,60310.72662836948
637,upper siang,arunachal pradesh,35320,1.18974315448848,889,59.99,62481.26672,125839.33636438333
638,lahul and spiti,himachal pradesh,31564,1.1780715808615998,903,76.81,18898.53275,71603.85675151304
639,anjaw,arunachal pradesh,21167,1.1986766864641598,839,56.46,79788.45202,104569.22358699418
640,dibang valley,arunachal pradesh,8004,1.1942528701492798,813,64.1,20892.8047,33695.95312935871
